           1  , xdxdx_bbx                     
           2  , xdxdx_ttx                     
          30  , xdxdx_b1b1x                   
           3  , b1xd_gb                       
           4  , b1xxdx_gbx                    
           5  , b1xd_ab                       
           6  , b1xxdx_abx                    
           7  , b1xd_bz                       
           8  , b1xxdx_bxz                    
           9  , b1xd_twm                      
          10  , b1xxdx_txwp                   
          11  , b1b1x_bbx                     
          12  , b1b1_bb                       
          13  , b1xb1x_bxbx                   
          14  , b1b1x_gg                      
          15  , b1b1x_wpwm                    
          16  , b1b1x_ga                      
          17  , b1b1x_gz                      
          18  , b1b1x_aa                      
          19  , b1b1x_az                      
          20  , b1b1x_ddx                     
          21  , b1b1x_uux                     
          22  , b1b1x_ssx                     
          23  , b1b1x_ccx                     
          24  , b1b1x_ttx                     
          25  , b1b1x_zz                      
          26  , b1b1x_emep                    
          27  , b1b1x_tamtap                  
          28  , b1b1x_vevex                   
          29  , b1b1x_zh                      
          31  , b1b1x_xdxdx                   
