           1  , xmxm_bbx                      
           2  , xmxm_ttx                      
          30  , xmxm_b2b2x                    
           3  , b2xm_gb                       
           4  , b2xxm_gbx                     
           5  , b2xm_ab                       
           6  , b2xxm_abx                     
           7  , b2xm_bz                       
           8  , b2xxm_bxz                     
           9  , b2xm_twm                      
          10  , b2xxm_txwp                    
          11  , b2b2x_bbx                     
          12  , b2b2_bb                       
          13  , b2xb2x_bxbx                   
          14  , b2b2x_gg                      
          15  , b2b2x_ga                      
          16  , b2b2x_gz                      
          17  , b2b2x_aa                      
          18  , b2b2x_az                      
          19  , b2b2x_ddx                     
          20  , b2b2x_uux                     
          21  , b2b2x_ssx                     
          22  , b2b2x_ccx                     
          23  , b2b2x_ttx                     
          24  , b2b2x_zz                      
          25  , b2b2x_emep                    
          26  , b2b2x_wpwm                    
          27  , b2b2x_tamtap                  
          28  , b2b2x_vevex                   
          29  , b2b2x_zh                      
          31  , b2b2x_xmxm                    
