           1  , xvxv_ddx                      
           2  , xvxv_uux                      
           3  , xvxv_ssx                      
           4  , xvxv_ccx                      
           5  , xvxv_bbx                      
           6  , xvxv_ttx                      
           7  , xvxs_ddx                      
           8  , xvxs_uux                      
           9  , xvxs_ssx                      
          10  , xvxs_ccx                      
          11  , xvxs_bbx                      
          12  , xvxs_ttx                      
          13  , xsxs_ddx                      
          14  , xsxs_uux                      
          15  , xsxs_ssx                      
          16  , xsxs_ccx                      
          17  , xsxs_bbx                      
          18  , xsxs_ttx                      
