           1  , xdxdx_ddx                     
           2  , xdxdx_uux                     
           3  , xdxdx_ssx                     
           4  , xdxdx_ccx                     
           5  , xdxdx_bbx                     
           6  , xdxdx_ttx                     
          34  , xdxdx_ululx                   
           7  , ulxd_gu                       
           8  , ulxxdx_gux                    
           9  , ulxd_au                       
          10  , ulxxdx_aux                    
          11  , ulxd_dwp                      
          12  , ulxxdx_dxwm                   
          13  , ulxd_uz                       
          14  , ulxxdx_uxz                    
          15  , ululx_uux                     
          16  , ulul_uu                       
          17  , ulxulx_uxux                   
          18  , ululx_gg                      
          19  , ululx_wpwm                    
          20  , ululx_ga                      
          21  , ululx_gz                      
          22  , ululx_aa                      
          23  , ululx_az                      
          24  , ululx_ddx                     
          25  , ululx_ssx                     
          26  , ululx_ccx                     
          27  , ululx_bbx                     
          28  , ululx_ttx                     
          29  , ululx_zz                      
          30  , ululx_emep                    
          31  , ululx_tamtap                  
          32  , ululx_vevex                   
          33  , ululx_zh                      
          35  , ululx_xdxdx                   
